"0","library(DESeq2)"
"2","Loading required package: S4Vectors
"
"2","Loading required package: stats4
"
"2","Loading required package: BiocGenerics
"
"2","
Attaching package: ‘BiocGenerics’

"
"2","The following objects are masked from ‘package:stats’:

    IQR, mad, sd, var, xtabs

"
"2","The following objects are masked from ‘package:base’:

    anyDuplicated, aperm, append, as.data.frame, basename, cbind, colnames, dirname, do.call, duplicated, eval, evalq, Filter, Find, get,
    grep, grepl, intersect, is.unsorted, lapply, Map, mapply, match, mget, order, paste, pmax, pmax.int, pmin, pmin.int, Position, rank,
    rbind, Reduce, rownames, sapply, saveRDS, setdiff, table, tapply, union, unique, unsplit, which.max, which.min

"
"2","
Attaching package: ‘S4Vectors’

"
"2","The following object is masked from ‘package:utils’:

    findMatches

"
"2","The following objects are masked from ‘package:base’:

    expand.grid, I, unname

"
"2","Loading required package: IRanges
"
"2","Loading required package: GenomicRanges
"
"2","Loading required package: GenomeInfoDb
"
"2","Loading required package: SummarizedExperiment
"
"2","Loading required package: MatrixGenerics
"
"2","Loading required package: matrixStats
"
"2","
Attaching package: ‘MatrixGenerics’

"
"2","The following objects are masked from ‘package:matrixStats’:

    colAlls, colAnyNAs, colAnys, colAvgsPerRowSet, colCollapse, colCounts, colCummaxs, colCummins, colCumprods, colCumsums, colDiffs,
    colIQRDiffs, colIQRs, colLogSumExps, colMadDiffs, colMads, colMaxs, colMeans2, colMedians, colMins, colOrderStats, colProds, colQuantiles,
    colRanges, colRanks, colSdDiffs, colSds, colSums2, colTabulates, colVarDiffs, colVars, colWeightedMads, colWeightedMeans,
    colWeightedMedians, colWeightedSds, colWeightedVars, rowAlls, rowAnyNAs, rowAnys, rowAvgsPerColSet, rowCollapse, rowCounts, rowCummaxs,
    rowCummins, rowCumprods, rowCumsums, rowDiffs, rowIQRDiffs, rowIQRs, rowLogSumExps, rowMadDiffs, rowMads, rowMaxs, rowMeans2, rowMedians,
    rowMins, rowOrderStats, rowProds, rowQuantiles, rowRanges, rowRanks, rowSdDiffs, rowSds, rowSums2, rowTabulates, rowVarDiffs, rowVars,
    rowWeightedMads, rowWeightedMeans, rowWeightedMedians, rowWeightedSds, rowWeightedVars

"
"2","Loading required package: Biobase
"
"2","Welcome to Bioconductor

    Vignettes contain introductory material; view with 'browseVignettes()'. To cite Bioconductor, see 'citation(""Biobase"")', and for packages
    'citation(""pkgname"")'.

"
"2","
Attaching package: ‘Biobase’

"
"2","The following object is masked from ‘package:MatrixGenerics’:

    rowMedians

"
"2","The following objects are masked from ‘package:matrixStats’:

    anyMissing, rowMedians

"
"0","library(DEXSeq)"
"2","Loading required package: BiocParallel
"
"2","Warning: package ‘BiocParallel’ was built under R version 4.4.3"
"2","Loading required package: AnnotationDbi
"
"2","Loading required package: RColorBrewer
"
"2","Registered S3 methods overwritten by 'dbplyr':
  method         from
  print.tbl_lazy     
  print.tbl_sql      
"
"0","library(pheatmap)"
"0","library(ggplot2)"
"2","Warning: package ‘ggplot2’ was built under R version 4.4.3"
"0","library(dplyr)"
"2","
Attaching package: ‘dplyr’

"
"2","The following object is masked from ‘package:AnnotationDbi’:

    select

"
"2","The following object is masked from ‘package:Biobase’:

    combine

"
"2","The following object is masked from ‘package:matrixStats’:

    count

"
"2","The following objects are masked from ‘package:GenomicRanges’:

    intersect, setdiff, union

"
"2","The following object is masked from ‘package:GenomeInfoDb’:

    intersect

"
"2","The following objects are masked from ‘package:IRanges’:

    collapse, desc, intersect, setdiff, slice, union

"
"2","The following objects are masked from ‘package:S4Vectors’:

    first, intersect, rename, setdiff, setequal, union

"
"2","The following objects are masked from ‘package:BiocGenerics’:

    combine, intersect, setdiff, union

"
"2","The following objects are masked from ‘package:stats’:

    filter, lag

"
"2","The following objects are masked from ‘package:base’:

    intersect, setdiff, setequal, union

"
"0","library(reshape2)"
"0","library(vsn)"
"0","library(ggpubr)"
"0","library(tidyr)"
"2","
Attaching package: ‘tidyr’

"
"2","The following object is masked from ‘package:reshape2’:

    smiths

"
"2","The following object is masked from ‘package:S4Vectors’:

    expand

"
"0","library(data.table)"
"2","Registered S3 method overwritten by 'data.table':
  method           from
  print.data.table     
"
"2","data.table 1.17.8 using 5 threads (see ?getDTthreads).  "
"2","Latest news: r-datatable.com
"
"2","
Attaching package: ‘data.table’

"
"2","The following objects are masked from ‘package:reshape2’:

    dcast, melt

"
"2","The following objects are masked from ‘package:dplyr’:

    between, first, last

"
"2","The following object is masked from ‘package:SummarizedExperiment’:

    shift

"
"2","The following object is masked from ‘package:GenomicRanges’:

    shift

"
"2","The following object is masked from ‘package:IRanges’:

    shift

"
"2","The following objects are masked from ‘package:S4Vectors’:

    first, second

"
"0","library(venn)"
"0","library(gplots)"
"2","Warning: package ‘gplots’ was built under R version 4.4.3"
"2","
---------------------
gplots 3.3.0 loaded:
  * Use citation('gplots') for citation info.
  * Homepage: https://talgalili.github.io/gplots/
  * Report issues: https://github.com/talgalili/gplots/issues
  * Ask questions: https://stackoverflow.com/questions/tagged/gplots
  * Suppress this message with: suppressPackageStartupMessages(library(gplots))
---------------------

"
"2","
Attaching package: ‘gplots’

"
"2","The following object is masked from ‘package:venn’:

    venn

"
"2","The following object is masked from ‘package:IRanges’:

    space

"
"2","The following object is masked from ‘package:S4Vectors’:

    space

"
"2","The following object is masked from ‘package:stats’:

    lowess

"
"0","library(summarytools)"
"0","library(ggvenn)"
"0","library(rstatix)"
"2","
Attaching package: ‘rstatix’

"
"2","The following object is masked from ‘package:AnnotationDbi’:

    select

"
"2","The following object is masked from ‘package:IRanges’:

    desc

"
"2","The following object is masked from ‘package:stats’:

    filter

"
